num_processes,avg_burst,std_burst,avg_arrival,std_arrival,avg_resources,preemptive_ratio,fcfs_waiting,sjf_waiting,srtf_waiting,rr_waiting,best_scheduler
10,202.5,139.92001683501582,0.5670000000000001,0.27822053602612923,5.3,0.3,962.81,716.01,537.63,1072.31,SRTF
10,212.2,113.12313841316657,0.55875,0.2540402691175817,3.7,0.4,956.45,744.65,657.04,1310.25,SRTF
10,247.3,140.11269273933274,0.458,0.3253327356551887,4.4,0.7,1051.5,753.7,753.44,1502.9,SRTF
10,186.3,137.54195319570275,0.5347500000000001,0.2791242505090201,4.4,0.8,723.76,536.86,467.37,928.56,SRTF
10,143.9,102.95570784457644,0.46425,0.2696938851117442,4.6,0.6,663.5,492.7,372.84,742.3,SRTF
10,223.7,110.40435780449167,0.4465,0.2476534316786711,3.4,0.6,927.83,728.03,712.65,1421.43,SRTF
10,221.9,102.70177970977696,0.71275,0.21345195269922249,4.1,0.6,978.53,766.63,722.19,1445.13,SRTF
10,174.8,115.5112308152088,0.49975,0.21025926456005056,5.1,0.2,598.72,488.02,477.6,950.02,SRTF
10,246.9,127.0043306348252,0.62825,0.35123008049488647,4.6,0.6,1135.06,791.36,787.87,1572.96,SRTF
10,195.2,105.35738122114547,0.53125,0.2694574023230141,4.1,0.6,808.76,597.86,598.77,1194.96,SJF
10,265.8,129.88353757629693,0.46325000000000005,0.2562687662505042,4.1,0.4,1310.32,958.22,861.34,1716.82,SRTF
10,234.0,129.62081451509073,0.54025,0.26812219954507477,3.4,0.7,980.22,724.22,720.76,1436.12,SRTF
10,166.6,108.25094302899474,0.6207499999999999,0.3174640180835897,4.1,0.4,844.21,495.21,459.78,920.01,SRTF
10,202.8,110.97627374053128,0.5032500000000001,0.24909572568704494,4.4,0.6,980.67,625.47,615.7,1228.87,SRTF
10,246.1,98.58267821703996,0.36024999999999996,0.2809049117485211,4.5,0.4,1146.78,882.08,842.44,1683.88,SRTF
10,185.1,111.69148977826775,0.6234999999999999,0.250022776740218,3.7,0.4,649.59,540.99,541.78,1070.59,SJF
10,197.2,108.42898341515725,0.46925,0.2698998013666883,4.9,0.4,819.73,611.73,599.03,1193.33,SRTF
10,152.2,129.59235231207813,0.469,0.20469218082010093,5.3,0.8,762.86,339.96,340.73,677.96,SJF
10,206.7,131.11661476207607,0.3945,0.27913258498426874,6.0,0.5,1197.78,756.38,583.01,1170.48,SRTF
10,214.5,118.38754626695795,0.4835000000000001,0.3109376500557985,5.0,0.6,921.75,648.55,649.52,1294.95,SJF
10,191.2,112.40482393760706,0.44575000000000004,0.2718124608786155,5.2,0.5,867.18,616.38,558.05,1110.28,SRTF
10,232.3,112.9543172161993,0.34824999999999995,0.20989431864631308,4.9,0.5,1108.32,790.12,751.95,1498.62,SRTF
10,212.9,122.92857004510113,0.6497499999999999,0.25522171733612325,4.0,0.8,1050.49,649.59,626.25,1254.99,SRTF
10,244.3,109.5668745561358,0.6377499999999999,0.2993962675118045,4.9,0.6,889.35,806.85,807.76,1609.25,SJF
10,219.5,124.20614584901452,0.5185,0.2803722723649953,3.5,0.3,1101.25,705.75,653.18,1301.85,SRTF
10,222.0,95.26804291051643,0.5447500000000001,0.2609237063885832,4.7,0.8,869.44,743.84,744.76,1482.84,SJF
10,210.8,118.72919700824319,0.44175000000000003,0.22839126394073056,4.7,0.5,934.42,707.02,638.36,1273.02,SRTF
10,197.4,138.1699436684163,0.59475,0.27126875255198696,5.5,0.4,959.69,718.59,517.71,1031.79,SRTF
10,190.1,105.05390150880747,0.46975,0.17631824919729663,4.2,0.5,883.15,658.85,573.93,1141.95,SRTF
10,188.7,120.19618222814825,0.6087499999999999,0.21092800904574055,5.5,0.4,654.9,543.4,527.49,1047.6,SRTF
10,233.4,109.13213194207388,0.47675,0.21518419112730175,4.8,0.4,1049.21,757.01,756.42,1506.01,SRTF
10,257.4,133.97943457444836,0.6287499999999999,0.2596692607914922,4.8,0.6,1068.19,813.99,809.27,1611.69,SRTF
10,232.1,110.74440041023394,0.63675,0.17855535245096654,4.0,0.7,1255.72,807.92,749.36,1501.42,SRTF
10,213.8,105.81094251331265,0.53625,0.26419755339938755,4.5,0.8,813.99,718.79,677.66,1347.89,SRTF
10,194.9,122.85623938390577,0.6735,0.17436870259437168,3.4,0.7,938.28,624.88,547.43,1091.98,SRTF
10,234.6,107.95698731953904,0.5925,0.2549455279510158,4.4,0.5,1083.85,909.55,771.11,1536.55,SRTF
10,256.2,124.64955319258513,0.43975,0.33760893303742223,4.0,0.6,1196.39,837.49,825.06,1644.49,SRTF
10,175.0,97.59326024088162,0.5994999999999999,0.2972788627235752,4.6,0.5,804.81,632.81,528.3,1054.31,SRTF
10,140.3,99.89333199857624,0.40725,0.28569712498067285,4.8,0.6,688.98,373.08,373.69,742.78,SJF
10,139.1,72.7865219513735,0.6260000000000001,0.23066088624741832,5.2,0.5,718.07,633.27,456.17,910.17,SRTF
10,270.4,122.1703728405541,0.47725000000000006,0.22223751683477944,4.0,0.2,1301.45,1029.75,907.12,1810.55,SRTF
10,232.9,124.42530110695154,0.5335,0.2685821827465271,3.9,0.6,1023.38,733.38,728.17,1452.48,SRTF
10,224.3,122.17114589332823,0.5082500000000001,0.33443162812283306,4.1,0.2,935.92,686.42,687.39,1370.92,SJF
10,230.0,131.60631528244465,0.46075,0.2780913369140913,2.9,0.6,1098.46,844.36,681.34,1361.56,SRTF
10,209.6,103.29698285364712,0.47775,0.31745176799003655,3.9,0.5,938.16,666.06,667.02,1330.46,SJF
10,193.4,91.97004343202676,0.44400000000000006,0.2853779170776105,4.1,0.3,935.99,642.69,624.56,1249.99,SRTF
10,215.0,97.6660978367963,0.487,0.32537328989604813,4.4,0.4,1069.34,887.84,713.81,1430.04,SRTF
10,162.5,107.82934047218626,0.65475,0.2695996259888603,5.2,0.6,745.54,474.74,464.55,925.54,SRTF
10,183.3,110.96551015718553,0.48374999999999996,0.23104307558933201,5.0,0.5,919.74,641.64,527.02,1051.34,SRTF
10,217.8,130.6962551533559,0.6875,0.2629163365026981,4.8,0.4,1056.05,768.25,626.71,1251.14,SRTF
10,295.7,128.57254761417775,0.5107499999999999,0.33674926791968596,5.4,0.5,1519.32,1120.72,1025.69,2050.72,SRTF
10,218.8,97.46201539289265,0.6972500000000001,0.21478493765728648,3.3,0.5,931.42,746.42,729.2,1454.12,SRTF
10,188.8,123.67142847975121,0.52425,0.2728706704242465,5.1,0.5,851.71,578.21,516.48,1031.91,SRTF
10,189.3,80.64331617960934,0.5529999999999999,0.26600386379817037,3.9,0.5,896.7,670.6,642.25,1280.9,SRTF
10,186.2,116.76357879635813,0.41225000000000006,0.22761276204212375,3.9,0.6,913.11,685.01,529.19,1054.61,SRTF
10,193.4,98.5891587458896,0.5505,0.342930184018717,4.4,0.5,799.49,676.79,606.35,1210.19,SRTF
10,179.8,143.54155418476483,0.5519999999999999,0.3232706124733408,3.8,0.6,844.87,634.47,427.25,851.47,SRTF
10,253.6,107.33250517278849,0.4715000000000001,0.20689234989347588,4.0,0.5,1288.57,976.17,856.13,1709.57,SRTF
10,186.6,111.41234721120954,0.604,0.28837475617674996,4.7,0.5,871.87,707.97,539.4,1077.37,SRTF
10,212.5,105.17736342853331,0.5890000000000001,0.2479140756167122,3.8,0.4,940.99,821.19,678.21,1351.69,SRTF
10,176.5,86.53997149679833,0.559,0.3178097788859801,5.9,0.4,918.28,678.98,564.74,1129.78,SRTF
10,232.9,123.61539817784296,0.5359999999999999,0.3067282546851891,4.6,0.4,1080.12,748.12,719.66,1435.12,SRTF
10,243.8,117.24883320907244,0.57175,0.2149129345675696,5.0,0.5,1026.4,807.3,785.93,1564.6,SRTF
10,180.5,105.00714261420507,0.506,0.21783403468390028,5.7,0.6,854.67,585.67,532.29,1063.07,SRTF
10,235.6,119.42938406346146,0.49524999999999997,0.24917210139000534,5.4,0.2,921.47,814.07,773.0,1538.87,SRTF
10,191.4,140.71420997500175,0.4552500000000001,0.21116558142315184,4.8,0.3,995.07,689.37,487.74,972.37,SRTF
10,179.3,111.4600576190612,0.5407500000000001,0.2913737815170671,4.8,0.6,748.89,573.89,509.26,1015.89,SRTF
10,192.5,142.6279152978905,0.48625000000000007,0.19509702002394147,5.3,0.6,871.59,645.59,487.01,969.59,SRTF
10,214.7,137.7098802232836,0.5195000000000001,0.2814417247752089,4.9,0.7,958.13,724.13,598.98,1196.03,SRTF
10,140.7,94.43992799658416,0.59525,0.25033158565745905,4.7,0.5,598.47,395.57,393.2,781.47,SRTF
10,280.8,120.40191951219973,0.60625,0.2681553498751547,5.5,0.7,1332.04,1075.34,958.09,1917.54,SRTF
10,203.9,101.45655884827424,0.581,0.26106938200835084,3.7,0.5,918.72,702.42,643.22,1281.62,SRTF
10,233.7,119.93521399303691,0.5519999999999999,0.24118572834136673,5.3,0.5,823.94,728.84,729.75,1450.84,SJF
10,205.9,124.68667397387208,0.5425,0.2281355591163581,4.9,0.3,821.98,594.08,589.66,1174.08,SRTF
10,175.6,137.46773358784154,0.45725,0.33117310428233754,5.5,0.5,536.87,436.67,432.34,854.17,SRTF
10,118.9,82.96511984630114,0.6092500000000001,0.2369483359065619,5.1,0.6,509.57,319.47,318.69,631.17,SRTF
10,265.0,54.72760830797479,0.5165,0.3210836685697705,5.0,0.7,1184.35,1068.95,1060.08,2110.75,SRTF
10,266.0,123.35945669285171,0.38625,0.33939130562425035,5.4,0.3,1181.94,964.24,876.81,1750.24,SRTF
10,212.3,108.5572557583222,0.39175,0.2639103646232098,4.4,0.5,1111.96,696.06,662.41,1327.86,SRTF
10,119.9,110.65707789784118,0.42225,0.333359269824281,4.1,0.4,521.84,266.54,259.18,511.04,SRTF
10,163.1,101.9154878645374,0.5562500000000001,0.27247642609550243,5.4,0.4,822.0,572.2,463.64,922.7,SRTF
10,244.0,123.1060969696916,0.43525,0.28294200917423973,4.7,0.8,1048.81,882.51,794.56,1585.61,SRTF
10,257.3,114.63376465945798,0.499,0.23740553676965684,5.5,0.5,1300.43,983.33,882.3,1762.73,SRTF
10,150.0,102.82779563695584,0.6287499999999999,0.2163916523857199,5.6,0.6,572.42,432.22,401.07,796.62,SRTF
10,198.3,119.19549767783458,0.4050000000000001,0.17989966339292823,5.5,0.2,799.83,569.43,570.19,1135.43,SJF
10,194.0,131.24616396510626,0.5315,0.2762200209977546,2.8,0.3,882.45,685.65,524.57,1045.25,SRTF
10,254.5,118.6004028473578,0.53725,0.34493648771267377,5.6,0.4,1219.67,838.47,831.66,1662.77,SRTF
10,203.6,110.49404207165801,0.469,0.2990173722192222,3.8,0.4,1093.99,661.79,623.83,1249.69,SRTF
10,217.1,112.95372700555056,0.68875,0.20324878706758484,3.3,0.7,828.48,724.88,673.51,1340.78,SRTF
10,233.5,101.32373858084787,0.5265,0.20337499573174891,4.6,0.6,1096.5,776.5,777.27,1555.7,SJF
10,272.2,93.18893591933421,0.36849999999999994,0.33426162408109805,3.5,0.6,1271.56,1058.06,981.93,1962.96,SRTF
10,133.0,104.69744770315825,0.4995000000000001,0.2668613872406422,4.7,0.4,411.56,328.36,321.2,636.36,SRTF
10,210.6,137.71322860688923,0.4245,0.3413510737577305,4.3,0.5,975.86,734.86,589.18,1177.46,SRTF
10,226.5,113.9700252990525,0.45600000000000007,0.28920676955347285,5.2,0.4,972.82,773.32,716.84,1427.72,SRTF
10,175.8,107.97304190295733,0.51575,0.333208414092775,3.1,0.3,709.28,506.78,504.68,1002.98,SRTF
10,248.5,79.35048834128244,0.41125,0.21681165020973078,5.0,0.3,1123.63,917.43,912.49,1817.73,SRTF
10,264.5,97.18167408404621,0.6279999999999999,0.23122499864850257,4.8,0.7,1191.84,955.44,930.57,1859.24,SRTF
10,220.9,115.97360810881835,0.48250000000000004,0.29095627773869315,3.7,0.8,1106.99,843.29,684.12,1368.79,SRTF
10,148.5,122.56812164851203,0.44699999999999995,0.29448825669851986,5.7,0.6,664.68,536.48,342.95,680.78,SRTF
10,190.0,109.86254037558834,0.28825,0.2882033666624239,4.7,0.6,780.04,581.24,564.41,1124.24,SRTF
10,181.4,143.853474835411,0.4772499999999999,0.26441878085088183,5.4,0.5,1081.25,541.15,432.32,864.25,SRTF
10,211.3,138.27914601349772,0.38925,0.2451333254011421,3.7,0.7,955.39,691.09,590.81,1178.69,SRTF
10,251.7,97.6342949764864,0.46624999999999994,0.2898928202322752,3.9,0.6,1110.73,987.53,878.63,1753.73,SRTF
10,207.6,119.24875960221418,0.47625,0.23460442474751217,3.8,0.6,812.71,762.31,614.82,1221.11,SRTF
10,146.8,111.07034807824373,0.489,0.2398848103199163,4.4,0.6,565.27,371.67,366.21,724.57,SRTF
10,261.6,108.08761877908744,0.43,0.30115979516233937,4.8,0.8,1185.52,978.22,903.07,1804.92,SRTF
10,225.6,102.13085288545822,0.40424999999999994,0.3081915214422501,4.2,0.5,868.59,743.19,742.9,1479.19,SRTF
10,166.8,94.80717272443052,0.51525,0.2926850079674203,4.5,0.4,730.91,564.81,502.88,1003.11,SRTF
10,200.4,95.86008322318293,0.53275,0.3698318874840297,4.6,0.4,1055.63,668.23,644.07,1289.13,SRTF
10,228.8,143.22460992751522,0.6114999999999999,0.3303453580051573,4.0,0.5,1010.96,677.46,650.99,1296.46,SRTF
10,229.6,148.56588512246753,0.36550000000000005,0.32359482553203955,4.9,0.6,1153.06,779.06,660.83,1318.26,SRTF
10,208.4,121.00064278984453,0.48175,0.30186699149717505,5.2,0.5,705.89,644.99,626.92,1247.59,SRTF
10,207.2,102.91722671912393,0.6719999999999999,0.27113393574230266,4.0,0.4,1060.13,667.03,655.23,1310.03,SRTF
10,237.7,90.01981263403445,0.45675,0.23876141624828937,3.0,0.4,1054.92,836.22,830.34,1660.32,SRTF
10,163.4,106.46668753913384,0.4760000000000001,0.25139665426925983,3.4,0.4,825.23,527.63,453.42,907.73,SRTF
10,232.1,99.79473377332538,0.6195,0.30366922794382706,4.0,0.5,1053.78,882.68,779.88,1559.38,SRTF
10,198.7,126.30742918239872,0.42475000000000007,0.24291759576723407,5.2,0.7,818.77,568.37,553.08,1099.77,SRTF
10,200.4,130.63451985512015,0.4794999999999999,0.24136993276803234,5.0,0.5,749.96,586.36,553.32,1101.26,SRTF
10,178.7,121.67630098841032,0.34425000000000006,0.2911067244156342,5.4,0.7,717.09,475.89,476.86,949.49,SJF
10,201.9,113.69496226502054,0.5072500000000001,0.3243271881911845,2.9,0.6,949.32,604.22,605.19,1207.42,SJF
10,218.9,115.83652273786537,0.68825,0.19359554775642726,4.3,0.7,985.89,681.19,672.31,1340.09,SRTF
10,234.1,89.33638054504384,0.6545000000000001,0.2647792581671676,4.3,0.6,1062.45,903.15,813.85,1625.15,SRTF
10,205.8,120.78244905614392,0.62325,0.3085360819886207,5.3,0.6,914.85,609.75,601.28,1194.45,SRTF
10,171.4,106.3131642313824,0.45175,0.28635169227135127,4.6,0.5,817.92,518.32,489.45,972.52,SRTF
10,250.7,133.38753065160677,0.5057499999999999,0.29805165939257355,4.7,0.6,1158.31,909.61,789.39,1576.11,SRTF
10,185.4,101.89886053228356,0.44350000000000006,0.22095814083214946,4.9,0.6,664.33,584.63,578.26,1149.73,SRTF
10,171.1,89.84981295967671,0.4225,0.2670518052113984,5.7,0.5,723.44,621.54,529.28,1056.14,SRTF
10,144.6,84.46853457550529,0.56725,0.2783469308055846,4.6,0.4,608.01,471.01,433.53,863.51,SRTF
10,284.3,75.94010797990742,0.391,0.23804236317652927,3.2,0.5,1371.84,1178.94,1074.21,2149.24,SRTF
10,150.9,111.97266531514636,0.488,0.25767874055368506,4.7,0.4,599.7,413.8,412.81,818.7,SRTF
10,132.2,92.48519401023664,0.60175,0.29087046085843776,5.2,0.3,583.51,345.71,346.3,687.71,SJF
10,237.0,92.58389588787986,0.47424999999999995,0.2439719075358199,4.6,0.7,991.62,818.72,817.03,1627.72,SRTF
10,198.0,121.5967835831926,0.6479999999999999,0.2504878573237965,4.5,0.6,1041.15,595.35,562.65,1121.45,SRTF
10,214.0,135.58351259975856,0.35100000000000003,0.26752258471638113,5.3,0.5,855.31,669.61,602.25,1198.51,SRTF
10,183.9,99.78582620347997,0.5427500000000001,0.26582797800248353,2.8,0.6,911.7,597.9,572.76,1147.2,SRTF
10,161.3,137.87760272550915,0.584,0.2626023609947176,5.0,0.8,630.51,402.11,361.52,717.41,SRTF
10,227.5,124.66243308319561,0.53525,0.27300908104554567,3.3,0.4,1198.49,847.69,688.16,1371.19,SRTF
10,147.6,129.61755710979557,0.5505000000000001,0.3068065804016885,4.7,0.5,846.17,517.87,327.35,655.67,SRTF
10,192.3,141.17605242312797,0.47574999999999995,0.26340202163233295,5.2,0.4,920.89,491.89,486.92,971.99,SRTF
10,291.8,81.6017429007766,0.46849999999999997,0.2199374911196361,4.6,0.3,1351.81,1123.81,1105.93,2209.01,SRTF
10,239.4,129.54981881714676,0.5567500000000001,0.26946977257817495,3.8,0.4,1207.07,878.67,730.64,1457.27,SRTF
10,224.1,95.63059714919231,0.5432499999999999,0.25604103946220985,3.8,0.4,1032.04,876.64,751.56,1497.14,SRTF
10,243.5,92.63578622157254,0.50725,0.27668787569309133,4.4,0.3,1066.11,918.81,870.39,1736.31,SRTF
10,293.6,113.94852639093963,0.46324999999999994,0.2573531134453205,4.8,0.6,1315.08,1144.28,1039.84,2077.68,SRTF
10,171.8,118.08358621473745,0.5002500000000001,0.25018173949706596,4.4,0.6,942.73,626.43,464.1,929.23,SRTF
10,225.5,113.5187209230266,0.5595000000000001,0.3182827184892213,4.2,0.5,1122.15,731.65,713.14,1422.65,SRTF
10,164.7,134.53545588018383,0.5042500000000001,0.2885164399321313,4.9,0.5,677.97,444.77,402.8,804.37,SRTF
10,240.8,112.31879233285547,0.36275,0.2724590947891689,4.8,0.6,1024.89,813.99,788.64,1573.29,SRTF
10,215.4,127.21827262185604,0.44099999999999995,0.24693453923391653,4.0,0.5,789.23,650.93,635.36,1265.33,SRTF
10,221.1,136.16040377273987,0.50125,0.3376722811313425,3.7,0.5,813.85,677.45,636.6,1263.65,SRTF
10,197.0,99.60812104330539,0.4265,0.20016382179493764,4.7,0.5,865.0,636.5,618.57,1231.4,SRTF
10,230.3,109.21746909517523,0.46325000000000005,0.27205251229210226,5.0,0.5,1219.57,854.67,749.34,1500.87,SRTF
10,232.6,152.38926763026618,0.5689999999999998,0.3224132096825094,4.3,0.4,1048.11,777.71,649.23,1293.11,SRTF
10,188.5,102.72860685644805,0.4129999999999999,0.2820431409081478,5.0,0.3,763.87,570.27,571.19,1135.87,SJF
10,230.6,83.18546881650799,0.51975,0.2925948326801263,3.6,0.2,1087.06,857.86,819.78,1638.86,SRTF
10,235.3,94.47874540516155,0.61075,0.25292195216882396,4.0,0.6,1067.25,819.25,812.39,1620.55,SRTF
10,153.5,112.2974720206213,0.5035000000000001,0.28689719413058057,5.3,0.5,764.92,432.62,395.7,786.82,SRTF
10,274.2,102.69566689982591,0.44075,0.3427686497073824,4.0,0.7,1273.67,1058.67,959.66,1918.77,SRTF
10,263.4,115.60007689347694,0.5547500000000001,0.26503786417122455,4.7,0.7,987.29,952.09,909.35,1808.39,SRTF
10,161.4,123.30648356387789,0.66925,0.19226013193934233,3.9,0.5,818.86,459.36,403.03,806.66,SRTF
10,136.4,119.25528173721374,0.47350000000000003,0.1878467164708739,5.1,0.6,679.85,317.75,314.93,631.35,SRTF
10,190.8,90.68970295586054,0.5445,0.22000568174481314,4.9,0.6,935.77,731.17,629.16,1254.37,SRTF
10,112.8,99.7383242957958,0.5402499999999999,0.25611263255754396,4.7,0.5,594.87,420.97,246.56,489.37,SRTF
10,210.6,106.60435680069033,0.5407500000000001,0.3089836610207371,3.9,0.7,952.74,803.74,665.16,1327.54,SRTF
10,187.5,113.45801964701404,0.43875000000000003,0.2833829613399115,4.7,0.6,809.64,655.84,538.66,1072.54,SRTF
10,206.3,127.61839818598084,0.5429999999999999,0.2639728521395082,4.5,0.6,896.73,600.33,584.06,1161.13,SRTF
10,172.1,131.383619814479,0.5225000000000001,0.3082049282178625,6.2,0.6,641.74,431.74,424.58,840.84,SRTF
10,161.9,108.23374910093636,0.454,0.32504529598879667,4.1,0.7,694.07,440.17,440.45,875.47,SJF
10,220.7,136.94203964532667,0.591,0.26469899046946804,5.3,0.4,906.28,783.08,628.61,1250.98,SRTF
10,165.8,96.89490297338772,0.5932499999999999,0.2500890119315299,4.8,0.5,721.99,525.79,495.01,988.89,SRTF
10,279.4,103.68777920061532,0.4992500000000001,0.2848758257752158,3.6,0.3,1225.75,1052.95,985.3,1966.25,SRTF
10,202.5,156.76893824989693,0.59375,0.32389180721002775,5.2,0.6,945.75,697.95,502.41,1002.25,SRTF
10,206.4,88.23226922919604,0.3825,0.26415220780619814,4.8,0.4,814.87,721.27,693.82,1380.47,SRTF
10,180.5,106.11340893381738,0.5887499999999999,0.28608771479313044,4.5,0.5,1010.44,603.94,529.41,1061.74,SRTF
10,174.7,126.10846301673985,0.56175,0.2114271939305191,5.4,0.6,669.17,510.47,457.34,910.97,SRTF
10,195.8,147.63980192045474,0.5790000000000001,0.2957621980202639,6.2,0.6,886.15,639.05,490.62,975.75,SRTF
10,189.9,106.84823089056948,0.5505,0.28550102159770524,5.3,0.6,783.18,629.58,577.25,1155.48,SRTF
10,181.0,126.54204395729069,0.4755,0.2577434124602735,4.8,0.4,780.99,554.29,476.92,948.39,SRTF
10,143.3,104.0224868851816,0.47350000000000003,0.28375263092270275,4.6,0.5,586.36,377.56,372.43,738.26,SRTF
10,162.1,143.79418161617897,0.5982500000000001,0.21788455786391922,3.7,0.3,832.6,534.5,351.6,703.7,SRTF
10,205.1,120.44588457523615,0.526,0.30255210754145767,5.6,0.5,1131.13,687.83,602.67,1205.33,SRTF
10,270.1,93.7650136126358,0.44175000000000003,0.2899809620187735,2.7,0.4,1361.08,1087.18,964.26,1927.28,SRTF
10,213.4,89.77898789063434,0.5835000000000001,0.18793172519118037,5.6,0.7,1005.33,751.63,736.02,1467.93,SRTF
10,174.0,86.81141757984501,0.6084999999999999,0.22481226736002544,3.9,0.7,732.08,617.48,566.29,1128.68,SRTF
10,235.4,92.95064401187452,0.29674999999999996,0.25277913613798636,5.2,0.4,1048.53,833.63,808.9,1616.33,SRTF
10,128.2,92.21689408972499,0.37,0.2884489171027997,5.2,0.3,622.1,459.09,328.23,652.5,SRTF
10,241.2,132.1243522006615,0.33399999999999996,0.20341596681567442,4.8,0.6,1156.81,876.21,744.37,1485.01,SRTF
10,208.0,135.94198108833865,0.47000000000000003,0.38290374479466477,4.4,0.5,867.96,572.36,573.33,1142.36,SJF
10,171.0,83.43993182057511,0.45675,0.26752998274336776,4.6,0.7,713.01,556.91,547.64,1089.61,SRTF
10,149.5,94.08772502298055,0.43125,0.30084660635539096,4.5,0.3,783.27,441.07,441.97,881.07,SJF
10,205.4,110.8644818385642,0.35550000000000004,0.24395696341773074,4.9,0.3,912.9,708.0,627.04,1247.3,SRTF
10,229.9,104.89407355359343,0.525,0.29736341402398514,5.4,0.7,1058.71,827.01,754.98,1507.61,SRTF
10,211.1,148.56083677141234,0.5614999999999999,0.22469176417681375,4.5,0.4,840.37,596.17,562.24,1115.17,SRTF
10,197.7,119.87590806051621,0.5315000000000001,0.2704913225143379,5.3,0.5,777.25,640.95,564.37,1123.05,SRTF
10,274.5,138.91424213041176,0.5602499999999999,0.25259335457960447,4.4,0.6,1248.44,986.94,896.64,1790.94,SRTF
10,209.2,87.18282195733539,0.47925000000000006,0.23139087300736627,3.5,0.3,1104.6,853.6,707.72,1414.4,SRTF
10,233.8,103.50501866522652,0.53325,0.29753629563840145,3.7,0.5,1230.04,907.64,785.87,1570.64,SRTF
10,258.2,94.91727392255264,0.56175,0.2704139059951532,3.3,0.5,1196.88,951.58,924.34,1842.98,SRTF
10,226.1,99.97605268818685,0.52825,0.309771533194672,4.8,0.6,929.9,750.7,751.67,1495.9,SJF
10,216.9,102.27028459484754,0.5722499999999999,0.2797058226462621,4.2,0.6,1043.78,734.08,704.03,1404.68,SRTF
